Case	HPOs	DOB	Gender	Test	 Test Type	Family ID	Consanguinity 	Family History	Affected sibiling	Results Internal	Gene	Variant 	Protein	Zygosity	pathogenicity 	Comments	Inheritance	Omim	ACMG Classification	Gene 2	Variant 2  	Protein 2	Zygosity 2	pathogenicity 2 	Inheritance.1	Omim.1	ACMG Classification.1	Gene 3	Variant 3  	Protein 3	Zygosity 3	pathogenicity 3	Inheritance.2	OMIM	ACMG Classification.2	Gene 4	Variant4	Protein 4	Zygosity 4	pathogenicity 4	CN 4	Inheritance.3	OMIM.1	ACMG Classification.3
1	global  developmental delay (HP:0001263), scaly skin(HP:0040189) and grad II hydronephrosis (HP:0000126) with right vesicouretric reflux (HP:0000076).	13.12.2011	Male	WES	Plus	101.0	Yes	Yes	Yes	Positive	SUMF1	c.785A>G	p.Gln262Arg	Homo	LP		AR	272200	LP  PM1, PM2, PP2, PP3) 																									
2	bilateral renal stones(HP:0000787)	01.05.2011	Male	WES	Trio	185.0	No	Yes	No	Negative	UMOD	c.1547C>T	p.Ala516Val	Het	VUS		AD	"609886 
162000
603860"	VUS  PM2, PP2, PP3, PP5) 																									
3	Developmental delay (HP:0001263), epilepsy(HP:0001250), Vertical nystagmus (HP:0010544), Spasticity (HP:0001257) with axial hypotonia (HP:0008936), Visual impairment (HP:0000505), Basal ganglia calcification (HP:0002135)	11.02.2016	Male	WES	Trio	184.0	Yes	No	No	Positive	RNASEH2B	c.356A>G	p.Asp119Gly	Homo	LP		AR	610181	LP  PM2, PP1, PP2, PP3, PP5 																									
4	bilateral  hearing loss (HP:0000365)	05.06.2012	Female	WES	Trio	183.0	No	Yes	Yes	Inconclusive	MYO7A	c.1903T>C	p.Cys635Arg	Homo	VUS		AR	"600060
276000"	VUS  PM1, PM2, PP3)																									
5	Hypotonia (HP:0001290), Scoliosis (HP:0002650), developmental dysplasia of the hip (HP:0001385), Club foot (HP:0001762), Pectus excavatum (HP:0000767), motor delay (HP:0001270).	26.07.2013	Female	WES	Trio	189.0	Yes	Yes	No	Positive	PIEZO2	c.5716C>T	p.Arg1906*	Homo	P		AR	617146	P  PVS1, PM2, PP3) 																									
6	Progressive microcephaly (HP:0000253), with seizures (HP:0001250) , cerebellar atrophy (HP:0001272)	21.03.2014	Male	WES	Trio	182.0	No	Yes	No	Positive	QARS	c.1058G>T	p.Gly353Val	Homo	VUS		AR	615760	VUS  PM2, PP3) 																									
7	Poor vision (HP:0000505), amblyopia (HP:0000646), and nystagmus (HP:0000639),	06.10.2013	Male	WES	Trio	181.0	No	Yes	No	Positive	G6PD	c.233T>C	p.Ile78Thr	Hemi	LP	This variant DOES explain the patient's deficiency for G6PD but does NOT explain their other more serious symptoms.	XL	300908	LP (PM2, PP1, PP4, PP2, PP3, PP5)																									
8	chronic refractory immune thrombocytopenia (HP:0001973) respond to IVIG, pancytopenia (HP:0001876) and immune deficiency (HP:0002721).	20.08.2005	Male	WGS	Trio	130.0	No	No	No	Positive	DCAF17	c.436del	p.Ala147Hisfs*9	Homo	P		AR	241080	P  PVS1, PM2, PP3, PP5) 																									
9	"Autistic behavior(HP:0000729), intellectual disability(HP:0001249), sere speech (HP:0000750) and social  delay(HP:0012434),  moderate hearing loss (
Moderate hearing impairment)(HP:0012713) "	24.07.2006	Male	WES	Solo	160.0	Yes	No	No	Positive	HUWE1	c.5986C>T	p.Arg1996Cys	Hemi	VUS		XL	300706	VUS  PM2)																									
10	Developmental delay (HP:0001263), Divergent squent (HP:0000577) ,Lower limb spasticity (HP:0002061) with axial hypotonia (HP:0008936) 	05.01.2016	Female	WES	Trio	154.0	No	No	No	Positive	SEPSECS	c.1466A>T	p.Asp489Val	Homo	VUS		AR	613811	VUS  PM2)																									
11	Cystinuria (HP:0003131)& Hypertension (HP:0000822)	28.07.2007	Female	WES	Solo	122.0	Yes	Yes	Yes	Positive	SLC3A1	c.1400T>A	p.Met467Lys	Homo	LP		AR	220100	LP  PM2, PP1, PP2, PP3, PP5) 																									
12	hypoglycaemia (HP:0001943), rapid onset obesity (HP:0001513), high TSH (HP:0002925), FT3 (HP:0011788), behavior disorders (HP:0000708), Low Ceruloplasmin(HP:0010837). 	26.08.2005	Female	WES	Solo	124.0	Yes	Yes	Yes	Inconclusive	MECR	c.773G>T	p.Arg258Leu	Homo	VUS		AR	617282	VUS  PP3, BP6)																									
13	developmental delay (HP:0001263), early closure of sutures (HP:0005458) and hypomyelination of brain (HP:0006808), hypotonia (HP:0001290)	23.06.2014	Male	WES	Trio	373.0	No	No	No	Positive	COG6	c.1167-24A>G		Homo	LP		AR	615328	LP  (PM2, PP5, PP2 PM6, PP1) 																									
14	global developmental delay (HP:0001263),hypotonia(HP:0001290) and basal ganglion lesion (HP:0007146),and ambylopia (HP:0000646).	04.04.2009	Female	WGS	Plus	62.0	Yes	Yes	Yes	Inconclusive	COX15	c.750+85A>G		Homo	VUS		AR	256000	VUS  PM2)																									
15	global developmental delay (HP:0001263),  Vermis hypoplasia (HP:0001320), retinopathy (HP:0000488)	23.01.2016	Male	WES	Trio	347.0	Yes	Yes	No	Positive	TUBA1A	c.5G>A	p.Arg2His	Het	LP		AD	611603	LP  (PM2, PP5, PM6, PP1) 																									
16	short stature (HP:0004322), Acetabular dysplasia (HP:0008807)	25.08.1998	Male	WES	Solo	342.0	No	Yes	Yes	Positive	COL2A1	c.1510G>A	p.Gly504Ser	Het	LP		AD	"616583
271700"	LP  PM1, PM2, PM5, PP2, PP3, PP5) 																									
17	 Oligodactyly(HP:0012165),  Ectrodactyly(HP:0100257)	22.11.2017	Male	WES	Trio	352.0	Yes	No	No	Positive	WNT10B	c.338-1G>C		Homo	P		AR	225300	P  PVS1, PM2, PP3) 																									
18	 Blepharoptosis(HP:0000508), small palpebral fissure(HP:0045025),  Microphthalmia(HP:0000568), 	26.12.2016	Female	WES	Trio	320.0	Yes	No	No	Positive	FOXL2	c.313_315del	p.Asn105del	Het	LP		AD	110100	LP  PM1, PM2, PM4) 																									
19	developmental delay (HP:0001263), congenital heart defect (HP:0001627),  dysmorphic facial features (HP:0001999), low anterior hairline (HP:0000294), long eyebrows (HP:0004523), flat philtrum (HP:0000319), decreased bone density (HP:0004349), pulmonic valve stenosis (HP:0001642), Ebstein's anomaly of the tricuspid valve (HP:0010316), white matter abnormalities (HP:0002500), Abnormality of the periventricular white matter (HP:0002518)	28.07.2014	Female	WES	Trio	325.0	Yes	Yes	Yes	Positive	XYLT2	c.520del	p.Ala174Profs*35	Homo	P		AR	605822	P  PVS1, PM2, PP3) 																									
20	mirror movment (HP:0001335), enuresis (HP:0000805), 	06.06.2003	Female	WES	Trio	334.0	Yes	No	No	Negative	HCN1	c.2555del	p.Pro852Argfs*24	Het	VUS		AD	615871	VUS (PM2, BS2)																									
21	epilepsy (HP:0001250),	06.01.2007	Male	WES	Trio	338.0	Yes	Yes	Yes	Positive	SCN1A	c.1244T>C	p.Ile415Thr	Het	VUS		AD	604403	LP  (PM1, PM2, PP2, PP3, BS2) 																									
22	eosinophilia (HP:0001880), Thrombocytopenia (HP:0001873), Unilateral renal hypoplasia (HP:0012583), 	15-11-2010	Male	WES	Trio	331.0	No	Yes	Yes	Positive	RUNX1	c.610C>T	p.Arg204*	Het	P		AD	601399	P  PVS1, PM1, PM2, PP3, PP5) 																									
23	developmental delay  (HP:0001263),  Brain atrophy (HP:0012444)	03.12.2013	Female	WES	Plus	326.0	Yes	Yes	Yes	Inconclusive	SEPSECS	c.256C>T	p.Arg86Cys	Homo	VUS		AR	613811	VUS  PM2, PP3) 																									
24	dysmorphic facial features (HP:0001999), seizures (HP:0001250), severe developmental delay (HP:0011344), intellectual disability (HP:0001249), atrial septal defect (HP:0001631), undescended testis (HP:0000028), periventricular leukomalacia (HP:0006970),  gliosis (HP:0002171), abnormality of the ribs (HP:0000772)	20.05.2004	Male	WES	Solo	324.0	Yes	No	No	Inconclusive	TTI2	c.1309T>G	p.Cys437Gly	Homo	VUS		AR	615541	VUS  PM2) 																									
25	membranous choanal atresia(HP:0011820),  Patent ductus arteriosus(HP:0001643),   Optic nerve coloboma(HP:0000588).	05.01.2016	Male	WGS	Solo	295.0	Yes	Yes	Yes	Inconclusive	TCOF1	c.2147A>G	p.Lys716Arg	Het	VUS		AD	154500	VUS  PM2) 																									
26	 Hip pain(HP:0030838), Foot pain(HP:0025238), 	08.06.2009	Female	WES	Trio	314.0	Yes	No	No	Inconclusive	UFSP2	c.1333G>A	p.Gly445Arg	Homo	VUS		AD	142669	VUS  PP3)																									
27	 Unexplained fevers(HP:0001955),   Peripheral neuropathy(HP:0009830),  Low back pain(HP:0003419),  Hypernatremia(HP:0003228),  Obesity(HP:0001513),  Hypertension(HP:0000822), Diabetes mellitus (HP:0000819),  Coronary artery disease(HP:0001677)	10.01.1959	Female	WGS	Solo	313.0	No	No	No	Inconclusive	SCN5A	c.5215C>T	p.Arg1739Trp	Het	VUS		AD	"614022
601144
601154
113900
113900
603830"	VUS  PM2, PP3) 																									
28	 Microcephaly(HP:0000252), Developmental delay (HP:0001263),  Epilepsy(HP:0001250), Global brain atrophy(HP:0002283), Gastroesophageal reflux(HP:0002020), 	05.07.2016	Male	WES	Trio	311.0	Yes	No	No	Positive	UNC80	c.8770G>A	p.Val2924Met	Homo	VUS	P	AR	616801	VUS  																									
29	 Spastic paraplegia, lower limb(HP:0001258),  Clonus(HP:0002169),  Hyperreflexia(HP:0001347),  Progressive spasticity(HP:0002191),  Ataxia(HP:0001251)	04.09.2010	Male	WES	Trio	302.0	Yes	No	No	Negative	COQ9	c.73G>A	p.Val25Met	Homo	VUS	B	AR	614654	VUS  (PM2, PP3, PP5) 																									
30	 GLANZMANN THROMBASTHENIA (OMIM:273800).	27.03.2017	Female	WES	Trio	307.0	No	Yes	No	Positive	ITGB3	c.727G>C	p.Asp243His	Homo	LP		AR	273800	LP  (PM1, PM2, PM5, PP2, PP3)																									
31	 CHARCOT-MARIE-TOOTH DISEASE, DEMYELINATING, TYPE 4F (OMIM: 614895)	12.11.2013	Female	WES	Solo		Yes	No	No	Positive	PRX	c.3085A>T	p.Arg1029*	Homo	P		AR	614895	P (PVS1, PM2, PP3) 																									
32	Global developmental delay(HP:0001263),    Spasticity(HP:0001257),  Dysmorphic facial features(HP:0001999),   High-arched palate(HP:0000218), Thinning of the corpus callosum(HP:0002079),  Axial hypotonia(HP:0008936),  Cerebral white matter abnormalities(HP:0002500).	28.05.2013	Female	WES	Trio	300.0	Yes	Yes	No	Positive	MCOLN1	c.1336G>A	p.Val446Met	Homo	LP		AR	252650	LP  (PM1, PP2, PP3, PP5, PP1) 																									
33	  Corpus callosum agenesis(HP:0001274), Periventricular cysts(HP:0007109),  Short stature(HP:00043220),  Facial dysmorphism(HP:0001999),  Sparse hair(HP:0008070),  Posteriorly rotated(HP:0000358),  Low set ears(HP:0000369),  Smooth philtrum(HP:0000319),  Short neck(HP:0000470),  Hypertonia(HP:00012760	14.02.2017	Female	WES	Solo	292.0	Yes	Yes	Yes	Positive	IHH	c.53_78delinsGGGCC	p.Leu18_Trp26delinsArgAla	Het	VUS		AD	112500	VUS  PM2, PM4) 																									
34	myopia (HP:0000545), congenital hypothyroidism (HP:0000851), scoliosis(HP:0002650), chronic constipation (HP:0012450), Developmental delay (HP:0001263), laryngomalacia(HP:0001601), Hypotonia(HP:0001290), Hypertrichosis(HP:0000998), ventricular septal defect (HP:0001629).	06.01.2013	Female	WES	Plus	247.0	Yes	No	No	Positive	ARID1B	c.4975del	p.Val1659Serfs*2	Het	P		AD	135900	P  (PVS1, PM2, PP3) 																									
35	 Seizures(HP:0001250).	04.04.2003	Female	WES	Plus	275.0		Yes	Yes	Positive	GABRB2	c.877C>T	p.Arg293Trp	Het	VUS	P	AD	617829	VUS  (PM2, PP3) 																									
36	congenital nystagmus (HP:0006934), ataxia (HP:0001251), areflexia (HP:0001284)	05.08.2004	Female	WES	Solo	258.0	Yes	Yes	Yes	Positive	MAG	c.795C>A	p.Ser265Arg	Homo	VUS	P	AR	616680	VUS  PM2, PP3) 																									
37	Multiple fractures (HP:0002757), 	10.11.2008	Female	WES	Trio	248.0	Yes	No	No	Inconclusive	TNFSF11	:c.561G>C	p.Trp187Cys	Homo	VUS		AR	259710	VUS  (PM2, PP3) 																									
38	Overlapping fingers(HP:0010557), Unilateral ptosis(HP:0007687), Developmental delay (HP:0001263)	06.06.2016	Male	WES	Plus	245.0	Yes	Yes	Yes	Positive	ECEL1	c.1210C>T	p.Arg404Cys	Homo	VUS	P	AR	615065	VUS  (PM2, PP3, PP5) 																									
39	Coloboma of optic nerve(HP:0000588), 	27.02.2015	Male	WES	Trio	242.0	Yes	Yes	No	Positive	CNGB3	c.2410A>T	p.Lys804*	Homo	VUS		AR	"262300
248200"	VUS  (PVS1, PP3)																									
40	 Congenital genaralized lipodystrophy type 1, (OMIM: 608594), (AGPAT2 GEN), Fatty liver (HP:0001397), hepatomegaly (HP:0002240), mitral valve regurgitation (HP:0001653), tricuspid valve regurgitation (HP:0005180).	23.01.2017	Female	WES	Solo		Yes	Yes	Yes	Positive	AGPAT2	c.335del	p.Pro112Argfs*39	Homo	P		AR	608594	P (PVS1, PM2, PP3) 																									
41	Developmental delay (HP:0001263),  Hypotonia(HP:0001290),ataxic gait (HP:0002066),	05.12.2011	Female	WES	Trio	237.0	Yes	Yes	No	Positive	NR2F1	c.1117C>T	p.Arg373*	Het	P		AD	615722	P  (PVS1, PM2, PP3) 																									
42	recurrent aspiration penumonia (HP:0002100), hepatosplenomegaly (HP:0001433), hypotonia (HP:0001290), Niemann-Pick disease type A (257200)	26.10.2015	Female	WES	Solo	216.0	Yes	No	No	Positive	SMPD1	c.1430C>T	p.Pro477Leu	Homo	LP		AR	257200	LP  (PP4, PP1, PM1, PS4, PP3) 																									
43	weakness of limbs (HP:0002273), Slurred speech (HP:0001350), Hypotonia (HP:0001290),	26.10.2012	Male	WES	Plus	230.0	Yes	Yes	Yes	Inconclusive	FASTKD2	c.1496T>C	p.Leu499Ser	Homo	VUS		AR	220110	VUS  (PM2)																									
44	dysmorphic features (HP:0001999), large forehead (HP:0002003), depressed nasal bridge (HP:0005280), bulbous nose (HP:0000414), pulmonary artery stenosis (HP:0004415),  gastroesophageal reflux disease (HP:0002020), speech delay (HP:0000750), attention deficit hyperactivity disorder (HP:0007018), Noonana syndrome (Omim:163950)	17.06.2012	Female	WES	Plus	191.0	No	Yes	Yes	Positive	PTPN11	c.1519G>A	p.Gly507Arg	Het	LP		AD	163950	LP  (PM1, PM2, PM5, PP2, PP3, PP5)																									
45	Hypertrophic cardiomyopathy (HP:0001639), retrognathia (HP:0000278), synopherys, webbed neck (HP:0000465), thoracic hypoplasia (HP:0005257), pectus carinatum (HP:0000768), Heat intolerance (HP:0002046), excersice  intolerance (HP:0003546)	01.02.2006	Male	WES	Trio	228.0	No	No	No	Positive	FLNC	c.3557C>T	p.Ala1186Val	Het	LP		AD	"617047
614065
609524"	LP (PM6, PM2, PP5, PP2, PP3)																									
46	central hypotonia(HP:0011398), intellectual disability(HP:0001249), hyperactivity(HP:0000752), developmental regression(HP:0002376).	04.01.2016	Male	WES	Trio	238.0	Yes	Yes	No	Inconclusive	METTL23	c.271C>G	p.Leu91Val	Homo	VUS		AR	615942	VUS  																									
47	CAMPTODACTYLY-ARTHROPATHY-COXA VARA-PERICARDITIS SYNDROME (OMIM:208250), Camptodactyly (HP:0012385), Arthropathy (HP:0003040), 	16.11.2005	Male	WES	Solo	226.0	No	No	No	Positive	PRG4	c.3139_3140del	p.Lys1047Aspfs*33	Homo	LP		AR	208250	LP  PVS1, PM2) 																									
48	 Autism spectrum disorder (HP:0000729)and Attention deficit hyperactivity disorder (HP:0007018), Epilepsy, focal, with speech disorder and with or without mental retardation(OMIM:245570)	16.07.2014	Male	WES	Plus	220.0	No	Yes	Yes	Inconclusive	GRIN2A	c.890G>T	p.Gly297Val	Het	VUS		AD	245570	VUS  																									
49	Congenital hypothyroidism (HP:0000851), hypermetropia (HP:0000540), decreased fetal movement (HP:0001558), wide distal phalenx (HP:0009642) ,dry skin (HP:0000958), Nystagmus (HP:0006934), 	21.06.2008	Male	WES	Plus	225.0	Yes	Yes	Yes	Positive	CNGA3	c.830G>A	p.Arg277His	Homo	LP		AR	216900	LP (PM1, PM2, PP5, PP3)																									
50	"Hydrocephalus (HP:0000238), aqueduct stenosis (HP:0002410), seizures (HP:0001250), abnormal gait (HP:0001288), toe walking (HP:0040083),  frequent falls (HP:0002359), hyperactivity (HP:0000752), epicantal fold (HP:0000286), hypertelorism (HP:0000316), upslanted palpebral fissure
 (HP:0000582), bulbus nose (HP:0000414)"	18.09.2013	Male	WES	Plus	221.0	Yes	No	No	Positive	MPDZ	c.628C>T	p.Gln210*	Homo	P		AR	615219	P  PVS1, PM2, PP3) 																									
51	developmental delay (HP:0001263),  speech delay (HP:0000750),  anhidrosis (HP:0000970), sweat gland hypoplasia (HP:0011135),  dolichocephaly (HP:0000268), sparse hair (HP:0008070), high forehead (HP:0000348), hypertelorism (HP:0000316), small nose (HP:0003196), short philtrum (HP:0000322), small teeth (HP:0000691)	16.04.2013	Male	WES	Trio	219.0	Yes	Yes	No	Positive	NTRK1	c.526C>T	p.Gln176*	Homo	P		AR	256800	P  PVS1, PM2, PP3, PP5) 																									
52	global developmental delay (HP:0001263), cataract (HP:0000518), spasiticity (HP:0001257)	18.07.2015	Female	WGS	Solo	194.0	Yes	No	No	Positive	RAB3GAP1	c.1009C>T	p.Arg337*	Homo	P		AR	600118	P PVS1, PM2, PP3, PP5) 																									
53	Urinary tract infection (HP:0000010), hypomagnesemia (HP:0002917), medullary nephrocalcinosis (HP:0012408),   renal stone (HP:0000787)	17.04.2005	Female	WGS	Plus	198.0	Yes	Yes	Yes	Positive	CLDN16	c.445C>T	p.Arg149*	Homo	P		AR	248250	P  PVS1, PM2, PP3) 																									
54	skeletal dysplasia (HP:0002652), short stature (HP:0004322)	16.06.2003	Female	WGS	Solo	197.0	Yes	Yes	Yes	Inconclusive	RAB33B	c.136A>C	p.Lys46Gln	Homo	VUS		AR	615222	VUS  PM2, PP3, PP5) 																									
55	lower limb muscle weakness (HP:0009053), gower sign (HP:0003391), Macrocephaly (HP:0000256), multiple nevi (HP:0001054), cafe au' lait spots (HP:0000957) 	22.01.2004	Male	WGS	Solo	202.0	Yes	No	No	Inconclusive	LRSAM1	c.1600-106A>G		Homo	VUS		AR	614436	VUS BP4) 																									
56	short stature (HP:0004322),  skeletal dysplasia (HP:0002652), METAPHYSEAL CHONDRODYSPLASIA, SCHMID TYPE (omim:156500)	14.12.2008	Male	WES	Solo	195.0	No	Yes	Yes	Positive	COL10A1	c.1771T>G	p.Cys591Gly	Het	LP		AD	156500	LP  PM1, PM2, PM5, PP3) 																									
57	central hypoventilation syndrome (OMIM:209880) and obesity (HP:0001513) 	26.03.2004	Female	WGS	Solo	187.0	No	No	No	Positive	PHOX2B	c.721_722ins25	p.Ala241Glyfs*127	het	P		AD	209880	P (PVS1,PS2, PM1) 																									
58	Attention deficit hyperactivity disorder (HP:0007018), Developmental delay  (HP:0001263) , Autism spectrum disorder (HP:0000729), behavioral abnormality (HP:0000708), aggressiveness (HP:0000718). 	29.03.2008	Male	WES	Plus	180.0	No	Yes	Yes	Positive	SYP	c.512C>G	p.Thr171Arg	Hem	VUS		XL	300802	VUS  PM2, PP3) 																									
59	Microcephaly (HP:0000252), Cholestasis (HP:0001396), hyperbilirubinemia (HP:0002904), splenomegaly (HP:0001744), 	02.04.2005	Female	WES	Trio	188.0	Yes	No	No	Positive	ABCC2	c.2273G>T	p.Gly758Val	Homo	LP		AR	237500	LP (PM1, PM2, PP1, PP3) 																									
60	"Developmental delay (HP:0001263), Spasticity (HP:0001257), Microcephaly (HP:0000252)
 "	31.05.2015	Male	WES	Trio	141.0	Yes	No	No	Positive	RNASEH2A	c.557G>A	p.Arg186Gln	Homo	LP		AR	610333	LP (PM1, PM2, PP1, PP3, PP4, PP5)																									
61	 Polycystic kidney disease (HP:0000113), Bilateral grade 1 hydronephrosis (HP:0000126)., Hypospadias (HP:0000047), Post-axial Polydactaly (all limbs) (HP:0100259),  (ASD)(HP:0001631),  Developmental delay (HP:0001263)	29.01.2015	Male	WES	Trio	142.0	Yes	No	No	Positive	MKKS	c.116C>T	p.Pro39Leu	Homo	LP		AR	605231	LP (PM1, PM2, PP1, PP3, PP4)																									
62	acquired microcephaly (HP:0005484),  global developmental delay (HP:0001263), speech delay (HP:0000750), Rett syndrome (OMIM:312750) 	02.06.2012	Female	WES	Plus		No	No	No	Positive	MECP2	c.916C>T	p.Arg306*	Het	p		XL	312750	P  (PVS1, PM1, PM2, PP3, PP5) 																									
63	 jaundice (HP:0000952), anemia (HP:0001903), high reticulocytes (HP:0001923), thrombocytopenia (HP:0001873) 	07.01.2014	Female	WES	Plus	386.0	Yes	Yes	Yes	Positive	SPTA1	c.5263C>G	p.His1755Asp	Homo	VUS		AR	"266140
270970"	VUS  (PM2, PP3) 																									
64	Encephalopathy HP:0001298, global developmental delay (HP:0001263), focal seizures (HP:0007359), myoclonic seizures HP:0011166, atonic seizures HP:0011170, poor repetitive and expressive language development HP:0000750, hypotonia HP:0001290, arachnoid cyst HP:0100702	10.03.2013	Male	WES	Solo		Yes	Yes	Yes	Positive	SLC13A5	c.655G>A	Gly219Arg	Homo	P		AR	615905	P (PS4, PM1, PM2, PP3, PP5) 																									
65	congenital nephrotic syndrome (HP:0008677), Cardiomyopathy (HP:0001638), long Q-T SYNDROME (HP:0001657), Encephalopathy (HP:0001298), seizure (HP:0001250), anemia (HP:0001903), hypokalemia (HP:0002900)	28.04.2015	Female	WES	Trio		Yes	No	No	Positive	ADCK4	c.532C>T	p.Arg178Trp	Homo	LP		AR	615573	LP (PM2, PP3, PP5, PP4, PP1)																									
66	intellectual disability (HP:0001249), gait abnormalities (HP:0001288), bilateral hearing loss (HP:0008513), attention deficit hyperactivity disorder (HP:0007018).	11.07.2010	Female	WES	Trio	348.0	Yes	Yes	No	Positive	PTRH2	c.257A>C	p.(Gln86Pro)	HOMO	LP		AR	616263	LP (PM1, PM2, PP1, PP3, PP4, PP5)																									
67	corrected choanal atresia (HP:0000453), closed Ventricular septal defect (HP:0001629), myopia (HP:0000545), absent corpus callosum (HP:0001274), growth deficiency (HP:0001510) and global developemtal delay (HP:0001263).	05.05.2009	Female	WES	Trio	95.0	Yes	No	No	Positive	SMG9	c.701+4A>G		HOMO	LP		AR	616920	LP (PM2, PP1, PP3, PP4, PP5)																									
68	Necrotizing encephalopathy (HP:0006976), seizure (HP:0001250), Gastroesophageal reflux (HP:0002020),  Scoliosis (HP:0002650), Developmental Dysplasia Of The Hip (OMIM:615612), asthmatic (HP:0012653)	04.04.2009	Male	WGS	Plus		Yes	Yes	Yes	Positive	DLL4	c.1392C>A	(p.C464*)	Het	P		AD	616589	P  (PVS1, PM2, PP3) 																									
69	 global developmental delay (HP:0001263),	10.05.2011	Female	WES	Trio		Yes	No	No	Positive	INPP5E	c.1304G>A	(p.Arg435Gln)	Homo	LP		AR	213300	LP  (PM2, PP1, PP3, PP4, PP5)																									
70	Developmental delay(HP:0001263),  Cleft palate(HP:0000175), Speech delay(HP:0000750),  Myoclonus(HP:0001336),  Ichthyosis(HP:0008064),   Mental-retardation(HP:0001249).	04.09.2011	Female	WGS	Plus	298.0	Yes	No	No	Positive	PGAP3	:c.850C>T	p.(His284Tyr)	HOMO	LP		AR	615716	LP (PM1, PM2, PP1, PP3, PP4)																									
71	 global developmental delay (HP:0001263), Downslanted palpebral fissures (HP:0000494), Epicanthus (HP:0000286), abnormal dentition (HP:0000164), spasticity (HP:0001257) hyperreflexia (HP:0001347)	24.02.2008	Male	WES	Plus		Yes	Yes	Yes	Positive	SNX14	c.2722C>T	p.Q908*	Homo	P		AR	616354	P  (PVS1, PM2, PP3) 																									
72	Abnormality of the cerebral white matter (HP:0002500), hypomyelination (HP:0003429)	29.08.2012	Female	WES	Plus		Yes	Yes	No	Positive	CYP2U1 	c.947 A>T 	p. Asp 316 Val 	Homo	VUS		AR	615030	VUS  (PM2, PP3, PP5) 																									
73	 Developmental delay(HP:0001263),  Cerebellar atrophy(HP:0001272)	03.10.2012	Male	WES	Trio	463.0	Yes	Yes	Yes	Positive	CWF19L1	c.605dup	(p.Tyr202*	HOMO	P		AR	616127	P  PVS1, PM2, PP3) 																									
74	cleft palate (HP:0000175), aspiration pneumonia (HP:0011951) chest infections (HP:0002783), ear infection (HP:0000388), Laryngomalacia (OMIM:150280)	08.03.2013	Male	WES	Trio		Yes	No	No	Positive	LARP7	c.1045_1051dupAAGGATA	p.Thr351Lysfs*9	Homo	LP		AR	615071	LP  (PVS1, PM2, BP4) 																									
75	 global developmental delay (HP:0001263),	12.05.2012	Male	WES	Trio		No	No	No	Positive	CTNNB1	c.1981C>T	(p.Arg661*)	Het	P		AD	615075	P  (PVS1, PM2, PP3, PP5) 																									
76	 3-Methylglutaconic aciduria (HP:0003535) deafness (HP:0000365), encephalopathy (HP:0001298), global developmental delay (HP:0001263),  Failure to thrive (HP:0001508), Dystonia (HP:0001332),  Bialteral femoral fracture (HP:0031846)	28.03.2012	Female	WES	Trio		Yes	No	No	Positive	SERAC1	c.438del	p.Thr147Argfs*22	Homo	LP		AR	614739	LP  (PVS1, PM2, BP4) 																									
77	 Asthma(HP:0002099), Gastroesophageal reflux(HP:0002020),  Global developmental delay(HP:0001263),  Microcephaly(HP:0000252),   Seizure(HP:0001250), 	10.12.2014	Female	WES	Solo	299.0	Yes	Yes	No	Positive	UGDH	c.950G>A	p.(Arg317Gln)	HOMO	LP	WE CALL P IN OUR PREVIOUS CLINVAR SUBMISSION	AR		LP  (PM2, PP1, PP3, PP4, PP5) 																									
78	 dysmorphic features(HP:0001999), microcephaly (HP:0000252),  arched eyebrows (HP:0002553), short philtrum (HP:0000322) . growth delay (HP:0001510), global developmental delay  (HP:0001263) , hypoplastic corpus callosum (HP:0002079). 	14.12.2014	Male	WGS	Solo	177.0	Yes	Yes	Yes	Positive	NUDT2	c.34C>T	p.(Arg12*)	HOMO	LP		AR		LP (PM2, PM5, PP1, PP3)																									
79	Sever Global Developmental Delay(HP:0011344),  Microcephaly(HP:0000252), Clubfoot(HP:0001762),  Seizures(HP:0001250),  Swallowing difficulties(HP:0002015), Gastroesophageal reflux(HP:0002020),  Thoracic scoliosis(HP:0002943),  Short neck(HP:0000470), congenital dermal melanocytosis(HP:0100814).	31.12.2014	Female	WES	Trio	53.0	Yes	Yes	No	Positive	TUBB2A	c.1178C>T	p.Ala393Val	HET	LP		AD	615763	LP (PP1, PP2, PP3, PP4, PM6, PM2)																									
80	prenatally rhizomelia (HP:0008905), eyelid coloboma (HP:0000625), short stature (HP:0004322), chorioretinal coloboma (HP:0000567),  Scleroconea (HP:0000647), microcornea (HP:0000482), Iris coloboma (HP:0000612)	26.01.2017	Female	WGS	Solo	201.0	No	No	No	Positive	MAB21L2	c.151C>G	p.(Arg51Gly)	HET	LP		AD	615877	LP  PM1, PM2, PM5, PP3) 																									
81	global developmental delay (HP:0001263), Abnormal blood ion concentration (HP:0003111), Osteopenia (HP:0000938), sever hypotonia (HP:0001290), cerebral palsy (HP:0100021),	04.05.2012	Female	WES	Trio		Yes	Yes	No	Positive	PCCA	c.425G>A	p.Gly142Asp	Homo	LP		AR	606054	LP  (PM1, PM2, PP3, PP5)																									
82	global developmental delay (HP:0001263), Generalized hypotonia (HP:0001290), Developmental Dysplasia Of The Hip (OMIM:615612), Ventriculomegaly (HP:0002119), Abnormal fundus morphology (HP:0001098), high methionine level (HP:0003235)	17.05.2014	Female	WES	Trio		No	No	No	Positive	ADK	c.813dup	p.Asn272Glufs*16	Homo	P		AR	614300	P (PM2, PP1, PP4, PVS1)																									
83	Autistic behavior (HP:0000729), hyperactivity (HP:0000752)	10.05.2008	Male	WES	Trio		Yes	Yes	Yes	Positive	FAT1	c.3995G>A	(p.Arg1332His	Homo	VUS		AR		VUS 																									
84	global developmental delay (HP:0001263), Generalized hypotonia (HP:0001290),	05.07.2012	Female	WES	Trio		Yes	No	No	Positive	GLI2	c.1418G>A	p.Arg473His	Homo	VUS		AD	"615849
610829"	VUS  (PP3) 																									
85	global developmental delay (HP:0001263), SNHL (HP:0000365), AVSD (HP:0006695), large ASD (HP:0001631), Hypoplastic RV (HP:0010954),  Pulmonary stenosis (HP:0001642), Anal atresia (HP:0002023), cloacal anaomaly (HP:0012620)	31.05.2015	Female	WES	Trio		Yes	No	No	Positive	UBR1	c.1440-1G>A		Homo	P		AR	243800	P  (PVS1, PM2, PP3) 																									
86	Generalized hypotonia (HP:0001290), Joint laxity HP:0001388, Chiari I malformation HP:0007099, partial corpus callosum agenesis HP:0001338	01.10.2014	Male	WES	Trio		Yes	No	No	Positive	CHRND	c.1367A>G	p.Asn456Ser	Homo	VUS		AR	616322	VUS  																									
87	infantile spasm (HP:0012469), global developmental delay (HP:0001263), Generalized hypotonia (HP:0001290), 	02.01.2013	Male	WES	Trio		Yes	Yes	Yes	Positive	SLC25A22	c.754C>T	p.Arg252Trp	Homo	VUS		AR	609304	VUS  (PM2, PP3) 																									
88	case of Ullrich Congenital Muscular Dystrophy,  Developmental Dysplasia Of The Hip (OMIM:615612), 	16.12.2008	Female	WES	Plus		Yes	Yes	Yes	Positive	COL6A3	c.9128G>A	p.Arg3043His	Homo	VUS		AR	" 158810
 616411
254090"	VUS  (PP5, BP4) 																									
89	Bronchial asthma (HP:0002099), global developmental delay (HP:0001263),	18.03.2013	Female	WES	Trio		Yes	No	No	Positive	NDUFS1	c.2163G>A	p.Met721Ile	Homo	VUS		AR	252010	VUS  (PM2, PP3) 																									
90	Mental retardation (HP:0001249),  Developmental Dysplasia Of The Hip (OMIM:615612), 	23.12.2012	Female	WES	Trio		Yes	No	No	Negative	POLG	c.576G>T	p.Glu192Asp	Het	VUS		AD	157640	VUS  (BP1) 																									
91	Abnormality of the cerebral white matter HP:0002500	16.02.2011	Female	WES	Plus		Yes	Yes	No	Positive	EIF2B2	c.591C>G	p.Phe197Leu	Homo	VUS		AR	603896	VUS  (PM2, PP2, PP3) 																									
92	speech developmental delay HP:0000750, Abnormality of the basal ganglia HP:0002134, gastroenteritis HP:0031123, severe dehydration HP:0001944,  Seizures HP:0001250. 	23.12.2008	Male	WES	Plus		Yes	No	No	Positive	KDM5C	c.3072G>T	p.Glu1024Asp	Hemi	VUS		XL	300534	VUS  (PM2)																									
93	Becker Muscular Dystrophy  ORPHA:98895, Muscle weakness HP:0001324,	24.04.2007	Male	WES	Plus		No	Yes	Yes	Positive	DMD	c.8027+7A>T		Hemi	VUS		XL	300376	VUS  (BP6)																									
94	 global developmental delay (HP:0001263),	02.06.2012	Male	WES	Solo		No	Yes	Yes	Positive	ASXL3	c.2471C>T	p.Pro824Leu	Homo	VUS		AD	615485	VUS  (BP1) 																									
95	Severe language delay (HP:0000750), Attention-deficit/hyperactivity disorder (HP:0007018), Sever Intellectual Disability (HP:0010864)	22.06.2008	Male	WES	Solo		Yes	No	No	Negative	ATP1B4	c.773G>A	p.Arg258His	Hemi	VUS				P (PVS1, PM2, PP3, PP5) 																									
96	 proximal muscle weakness (HP:0003701), waddling gait (HP:0002515)	03.11.2004	Male	WES	Solo		Yes	No	No	Positive	FKRP	c.1012G>T	p.Val338Leu	Homo	LP		AR	607155	LP  (PP1, PM1, PM2, PP2, PP3)																									
97	Cataract (HP:0000518), global developmental delay (HP:0001263),	01.12.2012	Male	WES	Solo		No	Yes	No	Positive	RAB3GAP1	c.559C>T	p.Arg187*	Homo	P		AR	600118	P (PVS1, PM2, PP3) 																									
98	 global developmental delay (HP:0001263), Generalized hypotonia (HP:0001290), myoclonic seizure (HP:0002123)	23.07.2011	Male	WES	Solo					Positive	GAD1	c.1402T>G	p.Trp468Gly	Homo	VUS		AR	603513	VUS  (PM2, PP3) 																									
99	encephalopathy (HP:0001298)	08.08.2010	Female	WES	Solo		Yes	Yes	Yes	Positive	CEP152	c.2148-17G>A		Homo	VUS		AR	"614852
 613823"	VUS  (BP4) 																									
100	progressive muscle weakness (HP:0003323), Unsteady gait (HP:0002317), myalgias (HP:0003326), Respiratory distress (HP:0002098)	16.12.1998	Male	WES	Solo			Yes	Yes	Positive	TTN	c.106375-2A>G		Homo	P	WRITTEN IN CHART	AR	608807 611705	P (PVS1, PM2, PP3, PP5)																									
101	hydrops fetalis HP:0001789, Fair hair HP:0002286,Coarse facial features HP:0000280, narrow chest HP:0000774, mild splenomegaly HP:0001744, short limbs HP:0009826, clubbing of toes HP:0100760, High oligosaccharides in urine HP:0012061, thrombocytopenia HP:0001873,cerebral atrophy HP:0002059	31.12.2013	Male	WES	Solo					Positive	CTSA	c.655-2A>G		Homo	P		AR	256540	P (PVS1, PM2, PP3) 																									
102	EHLERS-DANLOS SYNDROME, CLASSIC TYPE, 2 (OMIM: 130010)	26.08.1991	Female	WES	Trio		Yes	No	No	Inconclusive	COL5A2	c.3260C>G	p.Thr1087Ser	Het	VUS		AD	130010	VUS  																									
103	Seizures HP:0001250, Generalized hypotonia HP:0001290, Brain atrophy HP:0012444	22.10.2013	Female	WES	Solo			Yes	Yes	Positive	TJP1	c.353G>T	p.Arg118Leu	HOMO	VUS		AR		VUS  																									
104	Galactocemia (OMIM:230400), Seizure (HP:0001250), Cerebral palsy (HP:0100021),  global developmental delay (HP:0001263), Scoliosis (HP:0002650), GERD (HP:0002020), Sever failur to thrive (HP:0001525), Dental maloclussion (HP:0000164),	08.11.2006	Female	WES	Solo		Yes	No	No	Positive	GALT	(c.404C>T	p.Ser135Leu	Homo	LP		AR	230400	LP  (PM1, PM5, PP2, PP3, PP5) 																									
105	 global developmental delay (HP:0001263),  Seizure (HP:0001250), Microcephaly (HP:0000252), Obesity (HP:0001513), Osteopenia (HP:0000938)	10.11.2009	Male	WES	Plus		Yes	Yes	Yes	Positive	ASNS	c.1130A>G	p.Tyr377Cys	Homo	VUS		AR	615574	VUS (PM1, PM2, PP2) 																									
106	"Atrial septal defect HP:0001631, Polydactyly HP:0010442, bifid uvula HP:0000193, lobulated tongue HP:0000180, small head HP:0000252, wide
fontanells  HP:0000239, low anterior hair line HP:0000239, hairy forehead HP:0011335, short neck HP:0000470, depressed nasal bridge HP:0000470, low set malformed ears HP:0000377, Mandibular prognathia HP:0000303, Small for gestational age HP:0001518"	27.03.2014	Female	WES	Plus		Yes	Yes	Yes	Positive	DDX59	c.1654_1656del	p.Asn552del	Homo	VUS		AR	174300	VUS (PM2, PP4)																									
107	 Intellectual disability (HP:0001249), Autism spectrum disorder (HP:0000729), Seizures (HP:0001250), Spasticity (HP:0001257)	31.01.2008	Female	WES	Solo		No	Yes	Yes	Positive	C12orf57	(c.1A>G	p.Met1?	Homo	p		AR	218340	P (PVS1, PM2, PP1, PP4, PP5)																									
108	Aortic Root Diltation (HP:0002616), Inguinal hernia (HP:0000023)	10.10.2010	Male	WES	Plus		Yes	Yes	Yes	Positive	SLC2A10	c.243C>G	p.Ser81Arg	Homo	LP		AR	208050	LP (PM2, PP1, PP3, PP4, PP5) 																									
109	hypotonia (HP:0001290), global developmental delay (HP:0001263), maternal diabetes (HP:0009800), congenital heart defect (HP:0001627), poor swallowing (HP:0002015), mild central hypotonia (HP:0011398)	26.10.2017	Male	WES	Solo	339.0	Yes	No	No	Positive	PUF60	c.931del	p.(Thr311Hisfs*48)	het	p 		AD	615583	P PVS1, PM1, PM2, PP3) 																									
110	metabolic acidosis (HP:0001942), lactic acidosis (HP:0003128), elevated Ammonia (HP:0001987)	18.10.2017	Male	WES	Solo		Yes	Yes	Yes	Positive	FBXL4	c.1555C>T	p.(Gln519*)	Homo	p		AR	615471	P (PVS1, PM2, PP3, PP5) 																									
111	Intellectual disability (HP:0001249), abnormal gait (HP:0001288), moderate mental retardation (HP:0002342), seizure (HP:0001250), strabismus (HP:0000486), slurred speech (HP:0001350), hyperactivity (HP:0000752), poor eye contact (HP:0000817)	04 Apr. 2008	Female	WES	Trio	486.0	No	No	No	Positive	KCNQ2	c.724T>G	Cys242Gly	Het	LP		AD	613720	LP (PM1, PM2, PM6, PP1, PP2, PP3, PP4, PP5)																									
112	undetermined liver disease (HP:0001392)	01 Oct. 1997	Female	WES	Plus	479.0	Yes	Yes	Yes	Positive	ABCB4	c.2906G>A	Arg969His	Hom	LP		AR	602347	LP (PM1, PM2, PP1, PP4, BP4) 																									
113	 Developmental delay(HP:0001263),  Migrational brain disorder(HP:0002269),  Seizures(HP:0001250), Nephrolithiasis(HP:0000787), 	2009-05-10 00:00:00	Male	WES	Solo	372.0	Yes	Yes	Yes	Inconclusive	COQ2	c.16C>A	Gln6Lys	Hom	VUS		AR	607426	VUS PM2, BP4) 																									
114	Hearing impairment (HP:0000365)	11 Jun. 2009	Female	WES	Solo		Yes	Yes	Yes	Positive	OTOF	c.5375G>A	Arg1792His	Homo	LP		AR	601071	LP  (PM1, PM2, PP1, PP3, PP5)																									
115	 Lower limb weakness(HP:0007340), 	23.07.2002	Female	WES	Trio	374.0	Yes	No	No	Inconclusive	PLA2G6	c.958G>A	Ala320Thr	Hom	VUS		AR	256600	VUS PM2, PP2) 																									
116	facial palsy (HP:0010628)	11.12.2003	Female	WES	Trio	330.0	No	Yes	No	Inconclusive	HNRNPA1	c.702_722del	Gly235_Gly241del	Het	VUS		AD	615424	VUS PM2) 																									
117	 Intellectual disability(HP:0001249), Speech delay(HP:0000750)	12.01.2000	Female	WES	Trio	369.0	No	Yes	Yes	Positive	ALG11	c.1265C>T	Pro422Leu	Hom	VUS		AR	613661	VUS PM2, PP3) 																									
118	 Ketotic hypoglycemia (HP:0012734), Lactic acidosis (HP:0003128).	09.06.2011	Male	WES	Solo	361.0	Yes	No	No	Positive	DLD	c.685G>T	Gly229Cys	Hom	LP		AR	246900	LP (PM2, PP1, PP3, PP4, PP5)																									
119	 Speech delay(HP:0000750),  Developmental delay (HP:0001263),  Autism(HP:0000717),	28.12.2013	Male	WES	Solo	356.0	No	Yes	No	Inconclusive	KCNB1	c.1160C>A	Thr387Asn	Het	VUS		AD	616056	VUS PM2, PP3) 																									
120	developmental delay (HP:0001263), Unibrow(HP:0000664),   Microcephaly(HP:0000252), Drooling(HP:0002307),  Hypotonia(HP:0001290).	11.08.2012	Male	WES	Trio	359.0	Yes	Yes	Yes	Positive	SLC17A5	c.406A>G	Lys136Glu	Hom	LP		AR	604369	LP  PS3, PM2, PP3, PP5) 																									
121	 End stage renal disease(HP:0003774),  Hypertension (HP:0000822), Short stature(HP:0004322), 	23.01.2014	Male	WES	Solo	686.0	No	No	No	Inconclusive	NPHP3	c.3406C>T	Gln1136*	Hom	P		AR	604387	P PVS1, PM2, PP3) 																									
122	 Hypothyroidism(HP:0000821),  Elevated liver enzymes(HP:0002910),  Diabetes mellitus (HP:0000819)	29.12.1998	Female	WES	Solo	353.0	Yes	Yes	No	Positive	ITPR3	c.2226C>A	Asp742Glu	Hom	VUS		AR	222100	VUS PP3, BP6) 																									
123	unsteady gait (HP:0002317), recurrent fall, Spastic paralysis affecting all four limbs (HP:0002317), brisk reflexes (HP:0001348)	06.12.2013	Female	WES	Solo	92.0	Yes	No	No	Positive	SPAST	c.1496G>A	Arg499His	Het	LP		AD	182601	LP  PM1, PM2, PM5, PP3, PP5)																									
124	 Spastic paraplegia(HP:0001258),  Ataxia(HP:0001251),  Intellectual disability(HP:0001249), Developmental delay(HP:0001263),  Speech delay(HP:0000750)	24.07.2003	Female	WES	Trio	422.0	Yes	No	No	Positive	KIAA0196	c.2228A>G	Glu743Gly	Hom	VUS		AR	220210	VUS PM2) 																									
125	hypotonia(HP:0001290), Chondrodysplasia, Ptosis (HP:0001488), Spondylocostal dysostosis with Rib abnormalities (HP:0000772), Abnormal spine(HP:0000925), Bronchial asthma (HP:0002099), vitamin D deficiency (HP:0100512), inguinal hernia (HP:0000023).	09.02.2013	Female	WES	Trio	67.0	Yes	No	No	Positive	PEX5	c.1822C>T	Arg608Trp	Het	VUS		AD	"214110
202370
616716"	VUS PM2) 																									
126	hypoglycemia HP:0001943, diarrhea HP:0002014, elevated liver enzyme HP:0002910, central hypotonia HP:0011398, seizures HP:0001250, global developmental delay (HP:0001263), URTI HP:0002788, Abnormality of the basal ganglia HP:0002134, Lactic acidosis HP:0003128, cardiorespiratory arrest HP:0006543,	26.11.2013	Male	WGS	Plus		Yes	Yes	Yes	Inconclusive	ELAC2	c.680G>T	Gly227Val	Homo	VUS		AD	615440	VUS (PM2, PP3) 																									
127	Motor delay (HP:0001270),speech delay (HP:0000750), Cleft palate (HP:0000175), Dysmorphic facial features, (HP:0001999)	19.07.2014	Female	WGS	Trio	6.0	Yes	Yes	Yes	Inconclusive	TGFBR1	c.1433A>G	Asn478Ser	Het	VUS		AD	609192	VUS  PM1, PP2, PP3)																									
128	 Hypotonia(HP:0001290),  Developmental delay(HP:0001263),  Microphthalmia(HP:0000568),  Microcephaly (HP:0000252), 	02.02.2014	Male	WES	Trio	444.0	Yes	Yes	Yes	Positive	LARP7	c.1146_1163del	Leu383_Lys388del	Hom	VUS		AR	615071	VUS PM2, PM4) 																									
129	seizure(HP:0001250), global developmental delay (HP:0001263), Encephalopathy (HP:0001298).	10.01.2011	Female	WES	Solo	43.0	Yes	Yes	Yes	Positive	GRIN2B	c.2429G>A	Ser810Asn	Het	LP		AD	616139	LP (PM1, PM2, PP1, PP2, PP3, PP4)																									
130	Spontaneous abortion HP:0005268	06.04.1994	Female	WES	Trio		Yes	Yes	No	Inconclusive	RIT1	c.260A>G	Asn87Ser	Homo	VUS		AD	615355	VUS (PM2, PP2) 																									
131	 Spastic quadriplegia(HP:0002510),  Seizures(HP:0001250),  Microcephaly(HP:0000252),  Severe global developmental delay(HP:0011344), Gastroesophageal reflux(HP:0002020), 	10.07.2014	Female	WES	Trio	440.0	Yes	No	No	Positive	SUOX	c.520del	Asp174Thrfs*13	Hom	P		AR	272300	P PVS1, PM2, PP3) 																									
132	Dysmorphic facial features, (HP:0001999), hypotonia(HP:0001290) and undescended testis (HP:0000028)	26.02.2015	Male	WES	Trio	61.0	Yes	No	No	Positive	LAMA2	c.1893_1897del	Asp631Glufs*8	Hom	LP		AR	607855	LP  PVS1, PM2) 																									
133	 Seizures (HP:0001250), Generalized hypertrichosis (HP:0004554)	29.10.2012	Female	WES	Solo		No	No	No	Positive	ARID1B	c.3077del	Leu1026Argfs*104	Het	P		AD	135900	P (PVS1, PM2, PP3) 																									
134	poor vision (HP:0000505) and dysmorphic features (HP:0001999)	23.05.2014	Male	WES	Plus	66.0	Yes	Yes	Yes	Positive	RPGRIP1	c.1107del	Glu370Asnfs*5	Hom	P		AR	613826	P  PVS1, PM2, PP3) 																									
135	Fused rib (HP:0000902), vertebrae anomalies (HP:0003468), Diaphragmatic Hernia (HP:0000776), multiple fracture (HP:0002757), patent ductus arteriosus (HP:0001643), prominent forehead (HP:0011220), long philtrum (HP:0000343), low set ears (HP:0000369), blue sclerae (HP:0000592)	01.12.2015	Female	WES	Trio	77.0	Yes	No	No	Positive	ZNF469	c.5248C>A	Pro1750Thr	Hom	VUS		AR	229200	VUS  BP4																									
136	developmental delay (HP:0001263), speech delay (HP:0000750) , hypotonia (HP:0001290), failure to thrive (HP:0001508), Hyperpigmented spots(HP:0001034), Clinodactyly of the 5th finger (HP:0004209), and dysmorphic features (HP:0001999) that include brachycephaly (HP:0000248), triangular face (HP:0000325),  and short philtrum (HP:0000322).	05.05.2012	Female	WES	Trio	58.0	No	No	No	Positive	HDAC8	c.859T>C	Cys287Arg	Het	LP		XL	300882	LP (PM1, PM2, PM6, PP2, PP3, PP4)																									
137	short stature (HP:0004322). dysmorphic features(HP:0001999).	12.04.2016	Female	WES	Trio	49.0	Yes	No	No	Positive	NPR2	c.1032T>G	Tyr344*	Hom	P		AR	602875	P (PVS1, PM2, PP2, PP3, PP4) 																									
138	cleft lip (HP:0410030), solitary kidney (HP:0000122), 13 pairs ribs (HP:0005815) and anal stenosis (HP:0002025)	22.12.2015	Female	WES	Trio	70.0	Yes	Yes	No	Inconclusive	MASP1	c.1507C>T	Arg503Cys	Hom	VUS		AR	257920	VUS PP3, BP1)																									
139	Developmental delay(HP:0001263),  Speech delay(HP:0000750), Cerebellar hypoplasia(HP:0001321),  Congenital heart disease(HP:0002564),  Coarctation of the aorta(HP:0001680),  Atrial septal defect (HP:0001631),  Ventricular septal defect (HP:0001629),  Hydronephrosis(HP:0000126), Gastroesophageal reflux(HP:0002020),  Hypotonia(HP:0001290)	01.07.2013	Male	WGS	Trio	425.0	No	Yes	No	Negative	NOTCH2	c.1619C>T	Pro540Leu	Het	VUS		AD	610205	VUS PM2, PP3) 																									
140	microcephaly (HP:0005484), seizures (HP:0001250), global developmental delay (HP:0001263), hypotonia (HP:0001290),	16.04.2015	Female	WES	Trio	85.0	Yes	No	No	Inconclusive	WDR62	c.2972A>T	Asp991Val	Hom	VUS		AR	604317	VUS  																									
141	hypotonia(HP:0001290),  developmental delay (HP:0001263),  joint laxity (HP:0001388) ,seizure (HP:0001250)	27.07.2011	Male	WES	Trio	68.0	Yes			Inconclusive	BRIP1	c.653G>A	Cys218Tyr	Hom	VUS		AR	609054	VUS (BP4, BB1, PM1, PM2, PP4) 																									
142	 global developmental delay (HP:0001263), Gait ataxia HP:0002066, follow Nystagmus HP:0000639, Intellectual disability HP:0001249	25.12.2011	Female	WES	Solo		No	No	No	Inconclusive	CACNA1A	c.154A>G	Met52Val	Het	VUS		AD	617106, 108500,                                          141500                 183086, 	VUS (PP3) 																									
143	hypotonia(HP:0001290), global developmental delay (HP:0001263)	14.07.2009	Male	WES	Solo	44.0	Yes	Yes	Yes	Positive	USP9X	c.90G>C	Gln30His	Hemi	VUS		XL	300919	VUS  																									
144	FTT (HP:0001508), high liver enzymes (HP:0002910), and hepatomegaly (HP:0002240)	01.08.2015	Female	WES	Trio	56.0	Yes	No	No	Positive	ABCB4 	c.1378A>T	Ile460Phe	Hom	LP		AR	602347	LP  (PM1, PM2, PP1, PP3, PP4)																									
145	"Arnold-Chiari malformation (HP:0002308)
developmental delay (HP:0001263) & Cerebellar ataxia (HP:0001251) "	21.09.2010	Male	WGS	Trio	59.0	Yes	No	No	Inconclusive	MLYCD	c.901G>C	Val301Leu	Hom	VUS		AR	248360	VUS PM2, PP3) 																									
146	Intellectual disability, borderline(HP:0006889), Attention deficit hyperactivity disorder(HP:0007018), 	09.01.2009	Female	WES	Trio	458.0	Yes	Yes	Yes	Positive	CC2D1A	c.748+1G>T		Hom	P		AR	608443	P PVS1, PM2, PP3, PP5) 																									
147	bone marrow failure (HP:0005528) 	11.09.2015	Female	WES	Trio	90.0	Yes	Yes	Yes	Positive	ERCC6L2	c.412C>G	Gln138Glu	Hom	VUS		AR	615715	VUS PP3) 																									
148	Spastic paraplegia HP:0001258	12.03.2001	Male	WES	Trio		Yes	Yes	Yes	Positive	SPG11	c.3425C>G	Ser1142Cys	Homo	VUS		AR	604360	VUS (BP1)																									
149	Alopecia HP:0001596, Hypotrichosis HP:0001006,	31.10.2011	Male	WES	Trio		Yes	Yes	Yes	Inconclusive	KRT74	c.1403G>A	Ser468Asn	Homo	VUS		AR	614929	VUS (PM2) 																									
150	Developmental delay (HP:0001263), Ataxia HP:0001251, Spastic paraparesis HP:0002313, Macrocephaly HP:0000256,	30.01.2010	Male	WES	Trio		Yes	Yes	Yes	Positive	PSAP	c.722G>C	Cys241Ser	Homo	P		AR	249900	P (PS1, PM1, PM2, PP3, PP5) 																									
151	Developmental delay (HP:0001263), Generalized hypotonia (HP:0001290),	24.10.2012	Female	WES	Trio		Yes	No	No	Positive	ADNP	c.2157de	Tyr719*	Het	LP		AD	615873	LP  (PVS1, PM2, BP4) 																									
152	 global developmental delay (HP:0001263), hypotonia HP:0001290, microcephaly HP:0000252, Clonus HP:0002169, increased reflexes HP:0001347, brain atrophy HP:0012444, failure to thrive HP:0001508, Abnormal cry HP:0025429, pallor HP:0000980.	30.10.2013	Male	WES	Trio		Yes	Yes	Yes	Positive	ETHE1	c.592dupC	His198Profs*23	Homo	P		AR	602473	P (PVS1, PM2, PP3) 																									
153	speech delay HP:0000750, autistic features HP:0000729, Mild elevation of uric acid  HP:0002149.	19.11.2011	Male	WES	Trio		No	No	No	Inconclusive	ZNF711	c.1744G>A	p.Asp582Asn	Hemi	VUS		XL	300803	VUS (PM2, BP1) 																									
154	 Delayed motor skills(HP:0002194),  Nystagmus(HP:0000639), Speech delay(HP:0000750),  Impaired vision(HP:0000505), 	17.10.2011	Male	WES	Solo	461.0	Yes	Yes	No	Positive	ATF6	c.511del	Ile171Phefs*3	Het	LP		AR	616517	LP  PVS1,PM2) 																									
155	"failure to thrive HP:0001508,  global developmental delay (HP:0001263), 
hypotonia HP:0001290, areflexia HP:0001284, sloping forhead HP:0000340, micrognathia HP:0000347, depressed nasal bridge HP:0005280, small forehead HP:0000350, anteverted nares HP:0000463, full cheeks HP:0000293, Low anterior hairline HP:0000294, Redundant neck skin HP:0005989, short neck HP:0000470, tapered fingers HP:0001182, Mongolian spot Blue nevus HP:0100814, joint contracture HP:0001371, brain atrophy HP:0012444, demyelination of white matter HP:0007305, lactic acidosis HP:0003128, Leukodystrophy HP:0002415, Hyperalaninemia HP:0003348, pulmonary hypertention HP:0000822, moderate Patent ductus arteriosus HP:0001643. "	06.12.2013	Female	WES	Trio		Yes	No	No	Positive	TTN	c.28174+1G>T		Homo	P		AR	608807_611705	P  (PVS1, PM2, PP3) 																									
156	 Intellectual disability(HP:0001249),  Macrocephaly(HP:0000256),   Attention deficit hyperactivity disorder(HP:0007018), 	28.11.2009	Male	WGS	Plus	306.0	Yes	Yes	Yes	Inconclusive	SOX5	c.1075G>A	p.(Gly359Ser)	HOMO	VUS		AD	616803	VUS PP3) 																									
157	Mother of 2 deceased children with severe combined immune deficiency Immunodeficiency HP:0002721	07.09.1993	Female	WES	Solo	452.0	Yes	Yes	Yes	Positive	MALT1	c.1240G>A	Gly414Arg	Het	VUS		AR	615468	VUS (PM2, PP3) 	RAG1	c.416G>T	Gly139Val	Het	VUS	AR	601457	VUS (BP4, PM2)																	
158	global developmental delay (HP:0001263), hypotonia (HP:0001290), spasticity (HP:0001257), muscle wasting (HP:0003202), white matter hyperintensity (HP:0030890), thinning of corpus callosum (HP:0002079) 	28.09.2013	Male	WES	Trio	78.0	Yes	Yes	No	Positive	MRE11A	c.630G>C	Trp210Cys	Het	LP	Trans	AR	604391	LP (BP1, PM1, PM2, PM3, PP3, PP4, PP5) 	MRE11A	c.1166T>A	Val389Glu	Het	LP	AR	604391	LP (PM1, PM2, PM3, PP3, PP4)																	
159	Learning disability (HP:0001328) ,developmental delay (HP:0001263)  and speech delay (HP:0000750), controlled seizure( HP:0001250), squint (HP:0000486).	24.08.2004	Female	WGS	Trio	144.0	Yes	Yes	Yes	Inconclusive	ERCC6L2	c.452 A>G	p.His151Arg	Het	VUS	Father not tested	AR	615715	VUS (BP4, PM2, PP4)	ERCC6L2	c.4389 T>A	  p.(His1463Gln) 	Het	VUS	AR	615715	VUS (BP4, PM2, PP4)																	
160	Ventricular septal defect (HP:0001629),Right Lung hypoplasia (HP:0002089), Dextrocardia (HP:0001651), FTT (HP:0001508),Polycythemia (HP:0001901)	13.06.2016	Female	WES	Solo	377.0	Yes	Yes	Yes	Inconclusive	IFT172	c.4130C>T	Ala1377Val	Het	VUS	Parents not tested	AR	615630	VUS (PP3) 	IFT172	c.706C>T	Arg236Cys	Het	VUS	AR	615630	VUS (PM2, PP4)																	
161	 IUGR (HP:0001511), Developmental regression (HP:0002376), 	11.04.2005	Male	WES	Solo	454.0	Yes	No	No	Inconclusive	ANK3 	c.1069A>T	p.Asn357Tyr	Het	VUS	Cis	AR	615493	VUS 	ANK3 	c.8534G>A	Gly2845Glu	Het	VUS	AR	615493	VUS (PP3, PP4)																	
162	Optic neuritis (HP:0100653), Ataxia (HP:0001251), multiple spinal cord lesions (HP:0100561), moon face (HP:0500011)	09.02.2007	Male	WES	Trio	74.0	Yes	Yes	Yes	Inconclusive	PHYH	c.173G>T	Arg58Ile	Het	VUS	Trans	AR	266500	VUS PM2, PP2, PP3) 	PHYH	c.244C>G	Arg82Gly	Het	VUS	AR	266500	VUS (PM3, PP3, PP4, PP5)																	
163	cleft palate (HP:0000175), inguinal (HP:0000023) and umbilical hernia (HP:0001537), Dysmorphic features (HP:0001999)including sparse hair (HP:0008070), shallow orbits (HP:0000586), low set ears (HP:0000369), long philtrum (HP:0000343).	30.10.2015	Male	WES	Trio	382.0	Yes	No	No	Inconclusive	SGSH	c.344G>C	Gly115Ala	Hom	VUS		AR	252900	VUS (PM1, PM2, PP3) 	PVRL1	c.1133C>T	Pro378Leu	Hom	VUS	AR	225060	VUS (BP4, PM2, PP1, PP4)																	
164	global developemtal delay (HP:0001263),, joint laxity (HP:0001388), broad based gait (HP:0002136), and  dysmorphic features (HP:0001999), dolichocephaly(HP:0000268), retrognathia (HP:0000278), and low set ears (HP:0000369).	03.07.2007	Male	WGS	Plus	84.0	Yes	No	No	Positive	ALG13	c.2159G>T	Gly720Val	Het	VUS		XL	300884	VUS (PM2, BP4)	C6	c.2049C>G	p.Tyr683*	Het	VUS	AR	612446	VUS (PM2, PP3)																	
165	  Intrauterine growth retardation, IUGR(HP:0001511),  Spasticity(HP:0001257),  Global developmental delay(HP:0001263), 	26.12.2015	Male	WES	Trio	367.0	Yes	No	No	Positive	MYO18B	c.6908C>A	Ser2303*	Het	P	Trans	AR	616549	P  (PVS1, PM2, PP3) 	MYO18B	c.972_974del	Arg325del	Het	P	AR	616549	P (PS4, PM2, PM3, PM4)																	
166	Developmental delay (HP:0001263), Intractable epilepsy (HP:0001250), ventriculomegaly (HP:0002119), thinning of the corpus callosum (HP:0002079), Spastic quadriplegia (HP:0002510), Gastroesophageal reflux HP:0002020,	04.06.2007	Male	WES	Solo		No	No	No	Positive	TUBA1A	c.74G>A	(p.Cys25Tyr)	Het	LP		AD	611603	LP  (PM1, PM2, PM6, PP1, PP2, PP3) 																									
167	hypotonia HP:0001290, Developmental delay (HP:0001263), microcephaly HP:0000252		Female	WES	Solo		Yes			Positive	MAN1B1	c.403G>A	p.Val135Ile	Homo	VUS		AR	614202	VUS 	LAMC3	c.1688G>A	p.Arg563Gln	Homo	VUS	AR		VUS (BP4)																	
168	Diarrhea (HP:0002014), CAH  (HP:0008258)	29.04.2014	Male	WES	Trio		Yes			Positive	CYP21A2	c.850A>G	p.Met284Val	Homo	LP		AR	201910	LP (PM1, PM2, PP1, PP2) 	SKIV2L	c.3561_3581del	p.Ser1189_Leu1195del	Homo	VUS	AR	614602	VUS (PM4, PM2, PP2)																	
169	short stature (HP:0004322)	15.05.2004	Female	WGS	Trio			Yes	Yes	Positive	GALNS	c.1492G>A	p.(Ala498Thr)	Het	LP	Trans	AR	253000	LP  (PM1, PM2, PM3, PP2, PP3, PP5) 	GALNS	c.441-862C>T		Het	LP	AR	253000	LP (PS4, PM2)																	
170	lymphadenopathy HP:0002716, Hepatosplenomegaly HP:0001433, pancytopenia (HP:0001876)	31.03.2012	Female	WGS	Trio		Yes	Yes	No	Positive	CECR1	c.882-2A>G		Homo	P		AR	615688	P (PVS1, PM2, PP3) 	PIK3CD	c.2461C>T	p.R821C	Het	VUS	AD	615513	VUS (PM2, PP2, PP3)																	
171	Weakness HP:0001324,  Proximal muscle weakness HP:0003701, Elevated serum creatine kinase HP:00032360, 	27.05.1979	Female	WES	Solo		No	Yes	Yes	Positive	KIAA1107	c.1978A>T	p.Asn660Tyr	Homo	VUS		AR		VUS 	ADD2	c.1005G>T	p.Glu335Asp	Homo	VUS	AR		VUS (BP4, BP6, PP1, PP2)																	
172	End stage renal failure  HP:0003774, Nephronophthisis HP:0000090, Hepatic fibrosis HP:0001395, HTN HP:0000822, Hypothyroidism HP:0000821	21.01.2012	Female	WES	Solo		Yes	No	No	Positive	WDR35	c.206G>A	p.Gly69Asp	Homo	LP		AR	"613610
614091"	LP (PS4, PM2, PP3)	GBA	c.882T>G	p.His294Gln	Het	LP	AR	230800	LP (PM1, PM2, PP5, PP2)																	
173	Developmental delay (HP:0001263), Icthyosis (HP:0008064)	15.01.2004	Female	WES	Plus		Yes	Yes	Yes	Positive	SUMF1	c.785A>G	Gln262Arg	Homo	LP		AR	272200	LP  (PM1, PM2, PP1, PP3) 	ERCC6	c.3973G>A	Ala1325Thr	Homo	VUS	AR	133540	VUS (PP1, PM2)																	
174	cleft palate HP:0000175, dolichocephaly HP:0000268, sparse hair HP:0008070, high anterior hairline HP:0009890, ptosis HP:0000508, low set earsHP:0000369, override 2nd toe HP:0001780, Femoral bowing HP:0002980, Short stature HP:0004322, Skin dimples HP:0010781	11.01.2012	Male	WES	Trio		No	No	No	Positive	XYLT1	c.1129C>G	Gln377Glu	Het	P	Final decision of physician: P	AR	615777	VUS (PM2, PP1, PP4)	XYLT1	c.1841A>G	Tyr614Cys	Het	P	AR	615777	VUS (PP1, PP4)																	
175	intellectual disability HP:0001249, hepatosplenomegaly HP:0001433, hemolytic anemia HP:0001878, Meconium ileus HP:0004401, Cyanosis HP:0000961, Developmental delay (HP:0001263),	23.11.2001	Female	WES	Plus		No	Yes	Yes	Positive	DHTKD1	c.2402+3A>G		Het	VUS	Trans	AR	204750	VUS (PM2, PP3) 	DHTKD1	c.2444C>T	p.Ser815Phe	Het	VUS	AR	204750	VUS (PM2)																	
176	Developmental delay (HP:0001263), Generalized hypotonia (HP:0001290), scoliosis (HP:0002650), 	25.07.2005	Female	WES	Trio		Yes	No	No	Positive	ATP8A2	c.2749A>G	p.Asn917Asp	Homo	VUS		AR	615268	VUS (PM2, PP3) 	COASY	c.895C>A	p.Leu299Met	Homo	VUS	AR	6 615643	VUS (PM2, PP3)																	
177	  Celiac Disease HP:0002608	07.01.2000	Male	WES	Plus		Yes	Yes	Yes	Positive	RFXANK	c.362A>T	p.Asp121Val	Het	LP	Trans	AR	209920	LP (PS4, PP1, PP3, PP5, PM2)	RFXANK	c.188-11C>T		Het	VUS	AR	209920	VUS (PM3, PP1, PM2)																	
178	hypertrophic cardiomyopathy HP:0001639	24.01.2014	Male	WES	Plus		Yes	Yes	Yes	Negative	LARGE	c.391G>A	p.Val131Ile	Het	VUS	Trans	AR	608840	VUS (PM2, PP3) 	LARGE	c.1413C>A	p.Ser471Arg	Het	VUS	AR	608840	VUS (BP4, PM2, PP2)																	
179	global developmental delay (HP:0001263), hypotonia (HP:0001290), brachycephaly (HP:0000248), prominent forehead (HP:0011220), low set ears (HP:0000369), epicanthal folds (HP:0000286), strabismus (HP:0000486), upturned nostrils (HP:0000463), small mouth (HP:0000160), wide spaced nipples (HP:0006610), rocker bottom feet (HP:0001838), umbilical hernia (HP:0001537), redundant skin (HP:0001582), increased skin folds (HP:0007522). 	02 Oct. 2016	Female	WES	Solo	484.0	Yes	Yes	No	Positive	ADAT3	c.430G>A	p.(Val144Met)	HOMO	LP		AR	615286	LP (PM2, PP1, PP3, PP4, PP5)																									
180	 Hearing loss(HP:0000365), Central hypotonia(HP:0011398),  Severe psychomotor retardation(HP:0011344),  Failure to thrive(HP:0001508), 	14.09.2017	Male	WGS	Trio	321.0	No	No	No	Positive	GTPBP2	c.1236+1G>A		HOMO	P		AR	617988	P PVS1, PM2, PP3) 	MYO7A	c.133del	p.Glu45Asnfs*26	HET	LP	AR	617988	LP (PVS1, PM1, PM2, PP1, PP3, PP4, PP5)																	
181	Developmental delay (HP:0001263), Generalized hypotonia (HP:0001290), 	30.04.2013	Female	WES	Trio		Yes	No	No	Positive	GRM1	c.1073G>A	(p.Arg358Lys	Homo	VUS		AR	614831	VUS (BP1)	CLN8	c.806A>T	p.Glu269Val	Homo	LP	AR	"600143
"	LP (BP4, PM1, PM2, PP1, PP4, PP5)																	
182	  Mental retardation  HP:0001249	11.09.2002	Male	WES	Trio		Yes	Yes	No	Positive	CUL4B	c.497C>T	p.Ser166Phe	Hemi	VUS		XL	300354	VUS (PM2)	SRPX2	c.1321T>G	p.Phe441Val	Hemi	VUS	XL	300643	VUS (PM2, PP3)																	
183	Agenesis of corpus callosum (HP:0001274), global developmental delay (HP:0001263), spastic diplegia (HP:0001264), microcephaly (HP:0000252)	28.04.2012	Female	WES	Trio	381.0	No	No	No	Positive	ITPR1	c.3161C>T	p.Thr1054Ile	het	VUS	Trans	AR	206700,                               606658,                              117360, 	VUS PM2, PP3) 	ITPR1	c.7429G>A	p.Gly2477Ser	het	VUS	AR	206700,                               606658,                              117360, 	VUS (BP4, PM2, PP2)																	
184	Developmental delay(HP:0001263),  White matter abnormalities(HP:0002500),  Ataxia(HP:0001251), 	25.11.2013	Female	WES	Trio	426.0	Yes	Yes	Yes	Positive	LAMA2	c.2755C>T	p.Arg919Cys	Homo	VUS		AR	607855	VUS  BP6)	MCOLN1	c.1336G>A	p.Val446Met	Homo	LP	AR		LP (PM2, PP2, PP3, PP4, PP5)																	
185	4 years old girl known case of Congenital disorder of Glycosylation type 2L ( CDG2L,Shaheen syndrome) caused by  homozygous COG6 gene pathogenic variant (c.1167-24A>G with Improving EBV  infection, coagulopath and Pancytopenia 	06.02.2012	Female	WES	Plus		Yes	Yes	No	Negative	PCCA	c.425G>A	p.Gly142Asp	Het	LP		AR	606054	LP  (PVS1, PM2) 	MLYCD	c.1160C>T	p.Ser387Leu	Het	VUS	AR	248360	VUS (PM2, PP3)	ROGDI	c.467C>T	p.Ala156Val	Het	VUS	AR	226750.0	VUS (BP1, PM2, PP3)									
186	Epilepsy (HP:0001250 ), global developmental delay (HP:0001263), hypotonia (HP:0001290)	06.02.2012	Female	WGS	Trio	418.0	No	No	No	Positive	KCNB1	c.1222C>T	Pro408Ser	Het	LP		AD	616056	LP (PM2, PM3, PP1, PP2, PP3, PP4)	FGFR3	c.1735T>G	Tyr579Asp	Het	VUS	AR	610474	VUS (PM2, PP3)	FGFR3	c.1739C>A	Ser580Tyr	Het	VUS	AD	146000.0	VUS (PM2, PP3)									
187	 Developmental delay(HP:0001263),  Pulmonary stenosis(HP:0001642),  Corneal opacity(HP:0007957),  Hypertonia(HP:0001276),  Hyperreflexia(HP:0001347),  Congenital dermal melanocytosis(HP:0100814)	10 Oct. 2013	Male	WES	Trio	371.0	Yes	No	No	Positive	MCOLN1	c.1336G>A	Val446Met	Hom	LP		AR	252650	LP (PM2, PP1, PP2, PP3, PP4, PP5)	LZTR1	c.203G>T	Arg68Leu	Het	VUS	AD	615670	VUS (PM2, PP3)	CHRND	c.727C>T	Arg243Cys	Het	LB	AD	616321.0	LB (BS1, BS2, PM2, PP3)									
189	tachypnea HP:0002789, pulmonary hypertension HP:0002092, Poor suck HP:0002033, Metabolic acidosis HP:0001942, Lactic acidosis HP:0003128,	04.05.2016	Male	WES	Trio					Inconclusive	ECHS1	c.88+5G>A		Homo	VUS		AR	616277	VUS (PM2, PP3, PP5) 																									
190	chiari II Malformation(OMIM207950),   Partial agenesis of the corpus callosum(HP:0001338),  Polymicrogyria(HP:0002126), frontal bossing (HP:0002007),  High-arched palate(HP:0000218),  Depressed nasal bridge(HP:0005280),  Hypertelorism(HP:0000316)	04 Sept. 2016	Male	WES	Trio	370.0	Yes	No	No	Positive	DACT1	c.979_980del	p.(Trp327Valfs*38)	Het	LP		AD	617466	LP  PVS1, PM2) 																									
191	Developmental delay (HP:0001263), dysmorphic features (HP:0001999), 	18 Sept. 2015	Male	WES	Plus	561.0	Yes	Yes	Yes	Positive	SMG9	c.701+4A>G		Hom	LP		AR	616920	LP (PM2, PP1, PP3, PP3, PP5)	CYP2U1	c.947A>T	p.(Asp316Val)	Hom	LP	AR	615030	LP (PM2, PP1, PP3, PP4, PP5)																	
192	exessive eating HP:0002591, recurrent vomiting HP:0002013, failling to thrive HP:0001508 	27 Mar. 2011	Male	WES	Plus	480.0	Yes	No	No	Inconclusive	MYO5A	c.3098T>G	p.(Leu1033Trp)	Hom	VUS		AR	214450	VUS 																									
193	 Multiple cafe-au-lait spots(HP:0007565)	12 Nov. 2002	Male	WGS	Plus	522.0	No	Yes	Yes	Inconclusive	MSH2	c.619G>T	p.(Ala207Ser)	Het	VUS		AD	120435	VUS PM1, PM2, BP4) 																									
194	 Congenital adrenal hyperplasia (HP:0008258)	26 Jul. 2012	Male	WES	Trio	502.0	No	No	No	Positive	CYP21A2	c.955C>T	p.(Gln319*)	Hom	LP		AR	201910	LP  PVS1, PM2) 	F8	c.2044G>T	p.(Val682Phe)	Het	P	XL	306700	P (PS4, PM1, PM2, PP2, PP4, PP5)																	
195	developmental delay (HP:0001263), hypotonia (HP:0001290), dysmorphic features (HP:0001999),(broad forehead (HP:0000337), Low-set ears (HP:0000369), long eye lashes (HP:0000527), Bilateral undescended testis (HP:0000028)	29.08.2013	Male	WGS	Trio	69.0	Yes	Yes	No	Inconclusive	UGDH	c.950G>A	p.(Arg317Gln)	Hom	VUS		AR	603370	VUS (BS4, PM2, PP3, PP5) 																									
196	"Global developmental delay (HP:0001263),
  Attention deficit hyperactivity disorder (HP:0007018)"	2008-05-26 00:00:00	Female	WES	Trio	501.0	No	No	No	Positive	MYT1L	c.1585G>A	p.(Gly529Arg)	Het	LP		AD	616521	LP (PM1, PM2, PM6, PP1, PP2, PP3, PP4, PP5)																									
197	global developmental delay (HP:0001263), dysmorphic features (HP:0001999), Spastic diplegia (HP:0001264),	27 Jun. 2007	Female	WES	Plus	476.0	Yes	Yes	Yes	Positive	C5orf42	c.7778G>A	p.(Trp2593*)	Hom	P		AR	614615	P (PVS1, PM2, PP1, PP3, PP4, PP5)																									
198	joint stifness HP:0001387, Arthrogryposis HP:0005684, dysmorphic features (HP:0001999)  failling to thrive HP:0001508, swallowing problems HP:0200136	2017-05-16 00:00:00	Male	WES	Trio	494.0	Yes	No	No	Negative	LEMD3	c.2094T>G	p.(His698Gln)	Het	VUS		AD	166700	VUS PP3) 																									
199	 hyperbilirubinemia (HP:0002904), missing teeth (HP:0006349)	16 Nov. 1986	Female	WES	Solo	579.0	Yes	Yes	Yes	Positive	ABCC2	c.2273G>T	p.(Gly758Val)	Hom	LP		AR	237500	LP (PM1, PM2, PP1, PP3, PP4, PP5)	PTH1R	c.611T>A	p.(Val204Glu)	Hom	VUS	AR	600002	VUS (BS4, PM2, PP3, PP4, PP5)																	
200	Developmental delay (HP:0001263), Dysmorphic features (HP:0001999), Malar rash (HP:0025300),	12 Aug. 2014	Male	WES	Trio	577.0	Yes	Yes	Yes	Positive	VPS13B	c.1219C>T	p.(Gln407*)	Hom	P		AR	216550	P PVS1, PM2, PP3, PP5) 																									
201	 Microcephaly(HP:0000252),  Speech delay(HP:0000750),  Developmental delay(HP:0001263).	09 Aug. 2011	Female	WES	Solo	460.0	No	No	No	Positive	PARS2	c.283G>A	p.(Val95Ile)	Hom	VUS		AR	"612036
203700
616239
612803"	VUS  (PM2, PP5)																									
202	  Failure to thrive (HP:0001508), Metabolic acidosis (HP:0001942), Hypoglycemia (HP:0001943)	26 Nov. 2017	Female	WES	Solo	503.0	Yes	Yes	Yes	Positive	EPCAM	c.499dup	p.(Gln167Profs*21)	Hom	P		AR	613217	P PVS1, PM1, PM2, PP5) 																									
203	cleft lip & palate (HP:0000202), congenital heart disease (HP:0030680), global developmental delay (HP:0001263), Bronchomalacia (HP:0002786), Hypotonia (HP:0001290), failure to thrive (HP:0001508),	02 Aug. 2014	Female	WES	Solo	511.0	Yes	No	No	Positive	CHD7	c.6734del	p.(Leu2245Argfs*32)	Het	P		AD	214800	P PVS1, PM2, PP3) 																									
204	 Failure to thrive(HP:0001508),  Seizures(HP:0001250), Gastroesophageal reflux(HP:0002020),  Failure to thrive(HP:0001508),  Hydronephrosis(HP:0000126), 	2017-05-09 00:00:00	Male	WES	Trio	523.0	Yes	No	No	Negative	CREBBP	c.7311G>T	p.(Lys2437Asn)	Het	vus		AD	180849	VUS PM2, PP3) 																									
205	Speech delay (HP:0000750), 	02 Sept. 2011	Male	WES	Solo	478.0	Yes	Yes	Yes	Inconclusive	THOC2	c.133T>A	p.(Phe45Ile)	Hem	vus		XL	300957	VUS PM2, BP4) 																									
206	Brain atrophy (HP:0012444), global developmental delay (HP:0001263)	12 Aug. 2009	Female	WES	Solo	506.0	Yes	Yes	Yes	Positive	LPAR6	c.373_374del	p.(Lys125Aspfs*37)	Hom	P		AR	278150	P PVS1, PM1, PM2)	SUMF1	c.785A>G	p.(Gln262Arg)	Hom	P	AR	272200	P (PS4, PM1, PM2, PP2, PP3)																	
207	 Diabetes mellitus(HP:0000819), 	31 Oct. 2012	Female	WES	Solo	600.0	No	Yes	Yes	Negative	ABCC8	c.1882G>A	p.(Glu628Lys)	Het	vus		AD	240800	VUS  PM2) 																									
208	Corpus callosum agenesis (HP:0001274), sagittal craniosynostosis (HP:0004442), failure to thrive (HP:0001508), global developmental delay(HP:0001263), Seizures(HP:0001250), hypertrophic cardiomyopathy (HP:0001639)	28 Sept. 2015	Male	WGS	Solo	510.0	Yes	No	No	Inconclusive	LHX3	c.127A>G	p.(Ile43Val)	Hom	vus		AR	221750	VUS PM2, PP3) 	TTN	c.32471-1G>A		Het	P	AR	608807	P (PVS1, PM2, PP3)	TTN	c.55732+5G>C		Het	vus	AR	608807.0	VUS (PM2, PP3)									
209	 Epileptic encephalopathy(HP:0200134),   Seizures(HP:0001250),  Cataract(HP:0000518),  Abnormality of the periventricular white matter(HP:0002518),   Abnormal social behaviour(HP:0012433).	01 Jan. 1996	Male	WES	Solo	612.0	Yes	No	No	Inconclusive	WFS1	c.2494C>T	p.(Arg832Cys)	Het	vus		AD	"614296
600965
116400
125853"	VUS PP3) 																									
210	 FTT(HP:0001508), Congenital hypothyroidism (HP:0000851), dysmorphic features (Microcephaly(HP:0000252), small triangular face (HP:0000325), Small mandible (HP:0000347) with retrognathia (HP:0000278), high arched palate (HP:0000218), posterior rotated ears (HP:0000358) ) 	03 Dec. 2014	Female	WGS	Trio	495.0	Yes	No	No	Negative	CIT	c.3350+5G>A		Het	vus	Trans	AR	617090	VUS  PM2, PM4, PP3) 	CIT	c.5405C>T	p.(Thr1802Met)	Het	vus	AR	617090	 VUS (PP4, PP1, PP2)	SELENON	c.550G>C	p.(Ala184Pro)	Het	vus	AR	602771.0	VUS (PM2, PP3)	SELENON	c.455G>T	p.(Ser152Ile)	Het	vus	N	AR	602771.0	VUS (PM2, PP4)
211	short stature (HP:0004322)	04 Nov. 2009	Male	WES	Trio	491.0	No	Yes	No	Positive	PTPN11	c.794G>A	p.(Arg265Gln)	Het	LP		AD	163950	LP  PM1, PM5, PP2, PP3, PP5) 																									
212	  Idiopathic thrombocytopenic purpura (HP:0001973), 	07 Nov. 2009	Female	WES	Solo	500.0	Yes	No	No	Inconclusive	SLITRK6	c.1904G>A	p.(Arg635His)	Hom	vus		AR	221200	VUS  BP1																									
213	Episodic fever(HP:0001954),  Urticaria(HP:0001025),  Arthritis(HP:0001369).	03 Jan. 2002	Male	WES	Trio	626.0	No	No	No	Inconclusive	KIT	c.2872A>G	p.(Asn958Asp)	Het	vus		AD	"154800
606764
172800"	VUS  PM2, PP3) 																									
214	Hepatosplenomegaly (HP:0001433), Coagulopathy (HP:0003256), Epistaxis (HP:0000421), Anemia (HP:0001903), Thrompocytopenia (HP:0001873),	01 Feb. 2016	Female	WES	Solo	645.0	Yes	No	No	Positive	GBE1	c.998A>T	p.(Glu333Val)	Hom	LP		AR	232500	LP (PM1, PM2, PP1, PP3, PP4)																									
215	 Dysmorphic facial features(HP:0001999),  Small mandible(HP:0000347),  Facial asymmetry(HP:0000324),  Abnormality of the zygomatic bone(HP:0010668),  Malformed ears(HP:0000377)	08 Apr. 2014	Female	WES	Solo	653.0	No	No	No	Inconclusive	EDN1	c.184G>C	p.(Glu62Gln)	Het	vus		AD	612798	VUS PM2, PP3) 																									
216	 Patent ductus arteriosus(HP:0001643),  Primary pulmonary hypertension(HP:0002092)	23 Mar. 2018	Male	WES	Solo	657.0	Yes	No	No	Inconclusive	LARS2	c.457A>C	p.(Asn153His)	Hom	vus		AR	617021	VUS PM2, PP3) 																									
217	 Pancreatic cysts(HP:0001737), Gastroesophageal reflux(HP:0002020),  Imperforate anus(HP:0002023), 	17 Feb. 2016	Male	WES	Trio	517.0	Yes	Yes	No	Inconclusive	LTBP2	c.1934T>C	p.(Leu645Pro)	Hom	vus		AR	"251750
614819"	VUS  PM2, PP3) 																									
218	 Seizures(HP:0001250),  Microcephaly(HP:0000252),  Global developmental delay(HP:0001263)	16 Jul. 2005	Male	WES	Plus	492.0	No	Yes	Yes	Inconclusive	POLR1A	c.253C>T	p.(Leu85Phe)	Het	vus		AD	616462	VUS  PM2, PP3) 	GCSH	c.413G>A	p.(Cys138Tyr)	Het	vus	AR	605899	VUS (PP4, PM2, PP3)																	
219	 miscarriages  HP:0005268	03 Jun. 1985	Female	WES	Trio	652.0	Yes	Yes	Yes	Positive	TMEM231	c.685C>G	p.(Leu229Val)	Hom	vus		AR	614970  615397	VUS  PM2) 																									
220	diarrhea (HP:0002014),	08 Nov. 2017	Female	WES	Trio	641.0	Yes	No	No	Positive	SLC9A3	c.932+1G>A		Hom	P		AR	616868	P  PVS1, PM2, PP3) 	ATAD3A	c.367del	p.(Arg123Glyfs*45)	Hom	P	AR	617183	P (PVS1, PP1, PP4, PM2, PP5, PP2)																	
221	"FTT HP:0001508, Developmental delay (HP:0001263), Generalized hypotonia (HP:0001290), Nystagmus HP:0000639, squint HP:0000486, Gastroesophageal reflux HP:0002020,  
Atrial septal defect HP:0001631"	27 Jul. 2017	Female	WES	Trio	562.0	Yes	No	No	Positive	ALMS1	c.2731_2734del	p.(Glu911Serfs*20)	Homo	LP		AR	203800	LP  (PVS1, PM2) 																									
222	  Secundum atrial septal defect(HP:0001684),  Primary pulmonary hypertension(HP:0002092)	04 Aug. 2015	Male	WES	Solo	603.0	Yes	Yes	No	Inconclusive	KCNK3	c.250_267dup	p.(Phe84_Thr89dup)	Hom	vus		AD	615344	VUS  PM2, PM4, PP3) 																									
223	ADHD (HP:0007018), speech delay (HP:0000750)	25 Aug. 2011	Male	WES	Solo	649.0	Yes	Yes	Yes	Inconclusive	SRPX2	c.560C>T	p.(Pro187Leu)	Hem	vus		AD	300643	VUS  PM2, PP3																									
224	Pulmonary hypertension (HP:0002092), dysmorphic features (HP:0001999).	11 Nov. 2016	Male	WES	Solo	555.0	No	No	No	Inconclusive	ATRX	c.3535G>A	p.(Val1179Ile)	Hem	vus		XL	301040 309580 300448	VUS  PM2, BP4) 	DSC2	c.2075T>C	p.(Leu692Pro)	Het	vus	AD	610476	VUS (PM6, PP3)																	
225	Scoliosis (HP:0002650), bronchial asthma (HP:0002099), sever muscular weakness (HP:0001324)	04 Jan. 2007	Male	WES	Trio	643.0	Yes	Yes	Yes	Inconclusive	KANK1	c.130G>T	p.(Asp44Tyr)	Hom	vus			612900	VUS  PM2, PP3) 																									
226	Recurrent renal stone (HP:0000787)	30 Nov. 2013	Male	WES	Trio	666.0	Yes	Yes	Yes	Inconclusive	SLC36A2	c.448G>A	p.(Val150Met)	Het	vus		AD	138500	VUS  PM2, PP3) 																									
227	 Eczema(HP:0000964),   Short stature(HP:0004322), Undescended testes (HP:0000028),   Rickets(HP:0002748),  Lordosis(HP:0003307),  High TSH (HP:0002925)	29 Oct. 2013	Male	WES	Plus	663.0	Yes	Yes	Yes	Positive	WISP3	c.300del	p.(Glu102Lysfs*21)	Hom	P		AR	208230	P  PVS1, PM2, PP5) 																									
228	Developmental delay (HP:0001263), Spina bifida (HP:0002414), epilepsy (HP:0001250), Hearing Defect (HP:0000365)	09 Jun. 2008	Female	WES	Solo	583.0	Yes	Yes	No	Positive	CASK	c.2327_2328del	p.(Asp776Glyfs*13)	Het	P		XL	300749	P PVS1, PM1, PM2)																									
229	 Cerebellar atrophy(HP:0001272),  Ataxia(HP:0001251)	19 Aug. 2004	Male	WES	Trio	627.0	Yes	Yes	No	Inconclusive	COQ8A	c.1867_1869dup	p.(Leu623dup)	Hom	vus		AR	612016	VUS PM2, PM4, PP3) 	ROBO3	c.2727C>G	p.(Cys909Trp)	Hom	vus	AR	607313	VUS (PP4, PP1, PM2)																	
230	Intellectual disability, mild(HP:0001256),   Attention deficit hyperactivity disorder(HP:0007018),  Microcephaly(HP:0000252),   Dysmorphic facial features(HP:0001999),   Speech delay(HP:0000750)	5 JUL. 2004	Female	WES	Solo	651.0	Yes	No	No	Inconclusive	DEAF1	c.776C>T	p.(Ala259Val)	Het	vus		AD	615828	VUS PM1, PM2, PP2) 																									
231	 Abnormality of deciduous teeth (HP:0006481), 	09 Aug. 1998	Female	WES	Solo	655.0	Yes	No	No	Positive	PTH1R	c.611T>A	p.(Val204Glu)	Hom	LP		AR	215045	LP (PM2, PP1, PP3, PP4, PP5)																									
232	 Acute liver failure(HP:0006554),  Episodic vomiting (HP:0002572), 	25 Jun. 2000	Female	WES	Solo	590.0	Yes	No	No	Positive	DLD	c.685G>T	p.(Gly229Cys)	Hom	LP		AR	246900	LP (PM2, PP1, PP3, PP4, PP5)																									
233	hypotonia (HP:0001290), Developmental delay (HP:0001263), hearing loss (HP:0000365), dysmorphism (HP:0001999)	2010-05-07 00:00:00	Female	WES	Trio	586.0	Yes	Yes	Yes	Positive	CYP27B1	c.305G>A	p.(Gly102Glu)	Hom	LP		AR	264700	LP (PM2, PP1, PP3, PP4, PP5)	TGFBR2	c.1454G>A	p.(Arg485His)	Het	P	AD	610168	P (PS3, PM1, PM2, PM5, PP2, PP3, PP4, PP5)																	
234	 Cleft lip/palate (HP:0000202), Dolichocephaly (HP:0000268),  Long eyelashes (HP:0000527), Cafe au lait spots (HP:0000957), Hyperpigmented / hypopigmented macules (HP:0007441)	2009-05-31 00:00:00	Male	WES	Plus	697.0	Yes	Yes	Yes	Inconclusive	SOS1	c.2316G>C	p.(Glu772Asp)	Het	vus		AD	610733	VUS  																									
235	Hypoglycemia (HP:0001943)	01 Jun. 2006	Female	WES	Plus	499.0	Yes	Yes	Yes	Inconclusive	ELN	c.1357G>A	p.(Gly453Ser)	Het	vus		AD	123700	VUS  PP3) 																									
236	Developmental delay (HP:0001263), Intellectual disability (HP:0001249), Intention tremor (HP:0002080)	04 Jul. 2017	Male	WES	Trio	732.0	Yes	No	No	Inconclusive	PRUNE1	c.901A>G	p.(Ile301Val)	Hom	vus		AR	617481	VUS  PM2) 	WARS2	c.317C>T	p.(Pro106Leu)	Hom	vus	AR	617710	VUS (PP1, PP4, PM2, PP3)																	
237	Abnormal heart morphology HP:0001627, Death in infancy HP:0001522, Feeding difficulties HP:0011968, Muscular hypotonia  HP:0001252, Respiratory distress  HP:0002098	15 Jul. 2007	Female	WES	Solo	710.0	No	No	No	Positive	PEX5	c.1641T>G	p.(Asn547Lys)	Homo	P		AR	"616716
202370
214110"	P  (PVS1, PM2, PP3) 																									
238	Epilepsy (HP:0001250), Intellectual disability (HP:0001249), behavioral problem (HP:0000708),  Prognathism (HP:0000303), Dental malocclusion (HP:0000689), 	09 Jun. 1997	Female	WES	Solo	504.0	Yes	Yes	Yes	Positive	KCNA2	c.1195G>A	p.(Val399Met)	Het	LP		AD	616366	LP (PM1, PM2, PP1, PP2, PP3, PP4, PP5)																									
239	Obesity (HP:0001513), obstructive sleep apnea (HP:0002870),	06 Feb. 2015	Male	WGS	Solo	322.0	Yes	No	No	Inconclusive	POMC	c.297_298ins90	p.(Gly99_Ala100ins)	Het	vus		AD	601665	VUS																									
240	Thrombocytopenia HP:0001873, Seizures HP:0001250, 	04 Apr. 2016	Male	WGS	Solo	690.0	Yes	No	No	Inconclusive	CEP164	c.76G>A	p.(Glu26Lys)	Homo	VUS		AR	614845	VUS  (PM2, PP3) 																									
241	 Developmental delay (HP:0001263),  Hypotonia (HP:0001290), Dysmorphic facial features (HP:0001999),   Multiple cafe-au-lait spots (HP:0007565),  Bifid ribs (HP:0000892), Pigmentation of the sclera (HP:0007832), 	29 Nov. 2016	Male	WES	Solo	718.0	Yes	No	No	Positive	PTPN11	c.1415C>T	p.(Thr472Met)	Het	LP		AD	151100	LP  PM1, PM5, PP2, PP3, PP5) 																									
242	 Microcephaly (HP:0000252),  Developmental delay (HP:0001263),  Seizures (HP:0001250)	27 Nov. 2014	Male	WGS	Solo	729.0	Yes	Yes	Yes	Positive	TRMT10A	c.697_698delinsTA	p.(Pro233*)	Hom	LP		AR	616033	LP  PVS1, PM2) 																									
243	 Mental-retardation (HP:0001249),  Epilepsy (HP:0001250), 	16 Sept. 1994	Male	WES	Trio	719.0	Yes	Yes	Yes	Positive	ARHGEF9	c.311G>A	p.(Arg104Gln)	Hem	LP		XL	300607	LP (PM2, PP1, PP2, PP3, PP4, PP5)																									
244	global developmental delay (HP:0001263), , ADHD (HP:0007018), seizures (HP:0001250) 	02 Mar. 2011	Male	WES	Trio	481.0	No	No	No	Positive	ARID1B	c.5602G>T	p.(Glu1868*)	Het	P		AD	135900	P  PVS1, PM2, PP3) 																									
245	 Hyperactivity (HP:0000752),  Developmental delay (HP:0001263),  Hypotonia (HP:0001290), 	13 Jan. 2014	Male	WES	Trio	716.0	Yes	No	No	Inconclusive	WNT1	c.1090C>G	p.(Arg364Gly)	Hom	vus		AR	615220	VUS  PM2) 																									
246	Autism spectrum disorder (HP:0000729), ADHD (HP:0007018), speech delay (HP:0000750), Epilepsy (HP:0001250)	29 Feb. 2012	Male	WES	Solo	761.0	Yes	No	No	Positive	TBCD	c.1661C>T	p.(Ala554Val)	Hom	LP		AR	617193	LP (PM2, PP1, PP3, PP4, PP5)																									
247	Pretibial epidermolysis bullosa (HP:0012221)	07 Jul. 2013	Female	WES	Solo	702.0	Yes	Yes	Yes	Positive	FLG2	c.632C>G	p.(Ser211*)	Hom	LP		AR	618084	LP (PM2, PP1, PP3, PP4, PP5)																									
248	Dandy-Walker malformation (HP:0001305), occiptal encephalocele (HP:0002085), G6PD (OMIM:300908)	30 Jul. 2015	Female	WES	Trio	691.0	No	No	No	Inconclusive	KIF11	c.980G>A	p.(Arg327His)	Het	vus		AD	152950	VUS  PM1, PP3) 	G6PD	c.653C>T	p.(Ser218Phe)	Het	P	XL	300908	P (PP1, PP4, PS3, PM1,PP5, PP2, PP3)																	
249	 Dysmorphic facial features (HP:0001999),  Failure to thrive (HP:0001508),  Abnormal hands (HP:0001155),   Abnormality of the feet (HP:0001760), 	09 Oct. 2017	Female	WES	Trio	733.0	Yes	No	No	Inconclusive	DSE	c.1625G>A	p.(Gly542Glu)	Hom	vus		AR	615539	VUS  PM2, BP4) 	COL6A2	c.511G>A	p.(Gly171Arg)	Hom	vus	AR	158810	VUS (PP4, PP3)																	
250	 Seizures (HP:0001250),  Cleft lip (HP:0410030),  Speech delay (HP:0000750)	07 Mar. 2012	Female	WES	Solo	728.0	No	No	No	Inconclusive	COL4A3BP	c.1719del	p.(Ala574Leufs*30)	Het	P		AD	616351	P  PVS1, PM2, PP3) 	KDM5C	c.2114G>A	p.(Arg705His)	Het	vus	XL	300534	VUS (BS2, PP4, PP1, PM2, PP2, PP3)																	
251	Dysmorphic facial features(HP:0001999),  Spasticity(HP:0001257),  Hyperreflexia(HP:0001347),  Mongolian spot(HP:0100814),  Craniosynostosis(HP:0001363)	30 Sept. 2017	Male	WES	Solo	736.0	Yes	No	No	Inconclusive	SAMHD1	c.571A>G	p.(Ile191Val)	Hom	vus		AR	612952	VUS  PM2, PP2, PP3) 	HBB	c.20A>T	p.(Glu7Val)	Het	P	AD	141749	p (PP1, PP4, PS3, PM1, PP5, PP3)																	
252	 Dilated cardiomyopathy (HP:0001644), Pulmonary stenosis (HP:0001642), Dysmorphic facial features (HP:0001999)	2017-05-22 00:00:00	Female	WES	Solo	711.0	Yes	No	No	Inconclusive	AGL	c.113C>G	p.(Thr38Ser)	Hom	vus		AR	232400	VUS  PM2, BP1) 																									
